DATE,OPEN,HIGH,LOW,CLOSE,VOLUME,CHANGE
02-May-2025,264,270.99,264,266.92,"42,723",5.56
05-May-2025,267,268,263.01,266.47,"12,771",-0.45
06-May-2025,266,268,264,264.78,"12,923",-1.69
07-May-2025,255.01,259.98,243.01,250.35,"25,675",-14.43
08-May-2025,250.36,257,225.32,226.92,"53,518",-23.43
09-May-2025,233.9,233.9,221,231.94,"34,522",5.02
12-May-2025,250,255.13,249,255.13,"51,839",23.19
13-May-2025,258.99,260,252,257,"26,659",1.87
14-May-2025,258.99,259.99,251,254.66,"46,873",-2.34
15-May-2025,254.66,280.13,254.66,280.13,"216,590",25.47
16-May-2025,280.99,286,277,277.67,"92,910",-2.46
19-May-2025,278.51,281.99,270,275.01,"15,855",-2.66
20-May-2025,274.55,274.55,270,271.81,"12,545",-3.2
21-May-2025,272,274.99,270.51,273.84,"14,500",2.03
22-May-2025,274.99,277.99,256.01,269.85,"28,076",-3.99
23-May-2025,267.9,269,265,266.31,"11,685",-3.54
26-May-2025,269.99,269.99,265,267.68,"9,301",1.37
27-May-2025,267,282.95,267,272.39,"43,313",4.71
29-May-2025,273.2,281.5,273.2,275.87,"44,340",3.48
30-May-2025,279.92,279.92,275,276.15,"14,604",0.28
02-Jun-2025,279,279,274,274.48,"13,697",-1.67
03-Jun-2025,275,278.75,274.45,275.55,"10,465",1.07
04-Jun-2025,275.01,277.5,274.01,274.69,"11,838",-0.86
05-Jun-2025,276,277.89,275,275.63,"10,611",0.94
10-Jun-2025,278.99,280,275,277.4,"29,113",1.77
11-Jun-2025,281,281,276,277.66,"37,470",0.26
12-Jun-2025,280,282.9,275.5,276.27,"35,061",-1.39
13-Jun-2025,275,275,266.01,270.66,"16,594",-5.61
16-Jun-2025,271.98,272.99,270,270.06,"8,698",-0.6
17-Jun-2025,270.7,272.99,270.7,271.85,"8,325",1.79
18-Jun-2025,271.99,271.99,266.01,268.56,"16,110",-3.29
19-Jun-2025,271,273,270,270.04,"25,915",1.48
20-Jun-2025,270.04,272.99,265.01,269.77,"5,699",-0.27
23-Jun-2025,265.01,269,256.22,260.67,"18,549",-9.1
24-Jun-2025,262.5,272.5,262.5,269.34,"14,464",8.67
25-Jun-2025,271.9,276,266.01,271.29,"20,566",1.95
26-Jun-2025,271.29,273.89,268,268.71,"7,589",-2.58
27-Jun-2025,268.73,273.89,268.12,270.85,"12,999",2.14
30-Jun-2025,269.01,272.98,269.01,272.06,"30,041",1.21
01-Jul-2025,273.98,299.26,273.98,298.67,"239,914",26.61
02-Jul-2025,304,306.89,290,295.43,"179,236",-3.24
03-Jul-2025,291.02,299.9,289.9,291.64,"34,219",-3.79
04-Jul-2025,294,294.93,286,290.53,"14,302",-1.11
07-Jul-2025,290.53,299.5,290.52,293.29,"41,903",2.76
08-Jul-2025,297.99,298.33,290.01,291.14,"26,498",-2.15
09-Jul-2025,293,293,289.04,290,"20,978",-1.14
10-Jul-2025,292.99,319,290.01,301.98,"374,865",11.98
11-Jul-2025,311,312,305,306.41,"115,365",4.43
14-Jul-2025,305.01,307.99,302,306.2,"55,627",-0.21
15-Jul-2025,305.2,306.98,298.01,299.39,"22,141",-6.81
16-Jul-2025,298.01,299,284.01,294.15,"34,339",-5.24
17-Jul-2025,291.2,297.99,291,294.99,"17,742",0.84
18-Jul-2025,293.01,296,290,290.41,"18,177",-4.58
21-Jul-2025,294.5,294.5,288.01,290.89,"16,392",0.48
22-Jul-2025,291,298.98,290.6,295.79,"60,154",4.9
23-Jul-2025,296.12,303.11,296.12,300.36,"46,674",4.57
24-Jul-2025,302,311.98,302,306.32,"54,378",5.96
25-Jul-2025,306.32,309,305.01,306.08,"22,328",-0.24
28-Jul-2025,308.9,308.9,302.01,303.75,"16,068",-2.33
29-Jul-2025,305.97,308.99,303.7,306.05,"143,276",2.3
30-Jul-2025,306.5,306.5,300,300.3,"21,315",-5.75
31-Jul-2025,299.01,300.95,291.5,293.7,"14,677",-6.6
01-Aug-2025,293.7,296.99,291,292.32,"29,782",-1.38
04-Aug-2025,292.32,295.89,290,290.02,"32,510",-2.3
05-Aug-2025,290.1,292.99,285,291.37,"23,905",1.35
06-Aug-2025,294.9,303,291.13,292.87,"118,553",1.5
07-Aug-2025,293,299.8,290,290.37,"25,383",-2.5
08-Aug-2025,294.98,294.98,286.51,288.55,"23,847",-1.82
11-Aug-2025,288.75,291,284,285.01,"29,270",-3.54
12-Aug-2025,290,290,283,283.85,"73,181",-1.16
13-Aug-2025,283.85,287,280.1,283.12,"37,465",-0.73
15-Aug-2025,284.84,286,281.01,281.96,"22,133",-1.16
18-Aug-2025,281.12,283.93,280,282.87,"27,610",0.91
19-Aug-2025,283,285,280.1,281.23,"35,699",-1.64
20-Aug-2025,281.23,282.99,278.72,279.06,"36,656",-2.17
21-Aug-2025,281.3,283.99,277,277.8,"178,721",-1.26
22-Aug-2025,279.9,280.95,277,277.44,"21,403",-0.36
25-Aug-2025,281.7,281.7,274.05,276.02,"33,321",-1.42
26-Aug-2025,276.2,280.8,255,257.79,"107,806",-18.23
27-Aug-2025,258.01,258.01,249.05,250.38,"121,079",-7.41
28-Aug-2025,250.01,253,250,250.89,"34,829",0.51
29-Aug-2025,253.5,253.5,248,251.89,"23,983",1
01-Sep-2025,250.11,253.99,250,250.53,"28,752",-1.36
02-Sep-2025,250.53,256,250.1,253.33,"65,363",2.8
03-Sep-2025,253,257.99,252.01,252.91,"38,568",-0.42
04-Sep-2025,253,256,252.01,253.33,"40,650",0.42
05-Sep-2025,255.9,255.9,251.05,252.09,"16,890",-1.24
08-Sep-2025,253.01,253.2,250.5,251.23,"58,534",-0.86
09-Sep-2025,252.15,252.87,250,250.96,"23,866",-0.27
10-Sep-2025,252,276.06,252,276.06,"176,004",25.1
11-Sep-2025,283,290,272.8,274.96,"194,661",-1.1
12-Sep-2025,275.1,276.98,266,266.82,"46,501",-8.14
15-Sep-2025,266.82,270,264.24,265.8,"14,385",-1.02
16-Sep-2025,268.94,268.94,264.5,265.2,"16,038",-0.6
17-Sep-2025,267.83,267.83,263.5,264.22,"19,622",-0.98
18-Sep-2025,264.9,265.99,263,264.05,"10,345",-0.17
19-Sep-2025,264.1,264.13,259.5,261.82,"31,307",-2.23
22-Sep-2025,260.1,261.82,259.79,260.33,"34,721",-1.49
23-Sep-2025,260.01,262.87,259.5,260.46,"16,066",0.13
24-Sep-2025,25-Sep-2025,26-Sep-2025,27-Sep-2025,28-Sep-2025,29-Sep-2025,30-Sep-2025
25-Sep-2025,260,260.65,255,256.45,"19,122",-3.55
26-Sep-2025,255.11,266.99,255.1,260.12,"26,152",3.67
29-Sep-2025,258.03,262.22,255.57,258.67,"20,485",-1.45
30-Sep-2025,258.01,260,255,258.7,"45,459",0.03
01-Oct-2025,259,259,256,256.82,"22,970",-1.88
02-Oct-2025,257.7,258.69,254,254.08,"33,458",-2.74
03-Oct-2025,254.09,256,251.57,253.85,"21,298",-0.23
06-Oct-2025,254,260,251.51,252.75,"57,976",-1.1
07-Oct-2025,256.98,256.98,250.72,251.92,"21,430",-0.83
08-Oct-2025,254.9,254.9,251,251.62,"7,922",-0.3
09-Oct-2025,251.8,252.5,250.05,251.04,"9,572",-0.58
10-Oct-2025,250.01,253,248,248.37,"15,737",-2.67
13-Oct-2025,248,250,241.01,242.46,"16,632",-5.91
14-Oct-2025,246.99,249.1,243.01,245.93,"13,173",3.47
15-Oct-2025,247.98,247.99,242.51,243.07,"19,641",-2.86
16-Oct-2025,244,246,240,240.65,"17,745",-2.42
17-Oct-2025,240.56,242.99,239.01,240.02,"15,471",-0.63
20-Oct-2025,243.95,244,240,242.51,"10,923",2.49
21-Oct-2025,243.01,244.89,241.5,243.08,"9,637",0.57
22-Oct-2025,242.5,243.88,241.1,242.59,"13,289",-0.49
23-Oct-2025,243.5,243.84,240,240.74,"9,596",-1.85
24-Oct-2025,242.22,242.22,239,240.02,"10,059",-0.72
27-Oct-2025,242.97,242.97,238.61,239.57,"6,864",-0.45
28-Oct-2025,240,242,229,231.06,"18,800",-8.51
29-Oct-2025,231.2,233.98,225,226.48,"15,813",-4.58
30-Oct-2025,229.94,229.94,224.01,224.24,"15,858",-2.24
31-Oct-2025,224.05,229,224.05,225.81,"22,856",1.57
03-Nov-2025,228,228,224,225.3,"12,098",-0.51
04-Nov-2025,223.53,228.98,223.53,225.19,"8,850",-0.11
05-Nov-2025,227,227,224,224.91,"14,831",-0.28
06-Nov-2025,224,226,222.01,224.23,"5,452",-0.68
07-Nov-2025,223.02,225,223.01,223.12,"5,910",-1.11
10-Nov-2025,225.49,245.43,224.98,245.43,"54,437",22.31
11-Nov-2025,249.98,262.9,248,249.1,"170,456",3.67
12-Nov-2025,249.94,253.4,238.3,242.03,"14,687",-7.07
13-Nov-2025,240.01,246,240.01,242.47,"7,766",0.44
14-Nov-2025,240.05,243.98,239,239.64,"8,687",-2.83
17-Nov-2025,240,241.95,237.76,238.51,"9,325",-1.13
18-Nov-2025,237.81,241.99,237,238.54,"3,600",0.03
19-Nov-2025,238.54,241.89,234.8,235.86,"8,906",-2.68
20-Nov-2025,239,240,233,234.53,"10,154",-1.33
21-Nov-2025,236.68,237.75,232,232.55,"11,672",-1.98
24-Nov-2025,232,255.81,232,255.81,"113,969",23.26
25-Nov-2025,261.01,266.3,244.01,245.41,"191,810",-10.4
26-Nov-2025,246.5,246.5,236,239.06,"32,242",-6.35
27-Nov-2025,239,244.9,238,240.78,"19,477",1.72
28-Nov-2025,239.06,243,239.06,241.57,"16,028",0.79
01-Dec-2025,239.01,242.48,239.01,240.88,"11,618",-0.69
02-Dec-2025,242,242,236.02,239.15,"6,231",-1.73
03-Dec-2025,237.11,240.99,236.5,238.85,"7,212",-0.3
04-Dec-2025,236.58,238.99,232.01,237.39,"7,861",-1.46
05-Dec-2025,238,240,234.01,238.9,"8,160",1.51
08-Dec-2025,239.98,239.98,235.03,238.18,"10,378",-0.72
09-Dec-2025,239.95,240.99,236.03,238.26,"26,627",0.08
10-Dec-2025,239.89,258.99,236.11,241.27,"69,358",3.01
11-Dec-2025,243.99,243.99,239.14,240.5,"7,503",-0.77
12-Dec-2025,243.95,246.99,241.5,242.58,"38,599",2.08
15-Dec-2025,244.88,244.88,241.51,242.09,"25,670",-0.49
16-Dec-2025,244,244,238,238.13,"17,771",-3.96
17-Dec-2025,240.91,240.91,237,238.53,"7,321",0.4
18-Dec-2025,239.99,248.4,238.5,241.92,"97,579",3.39
19-Dec-2025,241.92,243,236.11,237.7,"16,921",-4.22
22-Dec-2025,237,239.99,235.02,237.87,"5,528",0.17
23-Dec-2025,237.85,239,236,236.11,"8,082",-1.76
24-Dec-2025,239.49,239.49,235,236.13,"16,460",0.02
26-Dec-2025,238.99,259.74,238,244.43,"376,986",8.3
29-Dec-2025,247,247,240.61,241.43,"21,091",-3
30-Dec-2025,242.2,242.99,241.2,241.87,"10,631",0.44
31-Dec-2025,243.99,245,241.3,241.94,"24,075",0.07
01-Jan-2026,242,244.88,242,243.19,"17,359",1.25
02-Jan-2026,242,254.47,242,249.91,"137,243",6.72
05-Jan-2026,251,254.5,247,247.15,"53,337",-2.76
06-Jan-2026,247.15,253.99,243.5,245.38,"172,780",-1.77
07-Jan-2026,247.49,247.98,244,245.21,"22,968",-0.17
08-Jan-2026,246,259.98,245,249.35,"233,226",4.14
09-Jan-2026,249,249.89,245.01,247.38,"30,066",-1.97
12-Jan-2026,247.01,249.9,244,244.85,"29,669",-2.53
13-Jan-2026,244.15,246.89,240,243.64,"21,125",-1.21
14-Jan-2026,243.01,245,240.9,241.13,"14,274",-2.51
15-Jan-2026,240.06,242.99,237,237.95,"22,271",-3.18
16-Jan-2026,237.95,245,237.95,240.15,"22,340",2.2
19-Jan-2026,240.01,244.35,240.01,241.57,"16,049",1.42
20-Jan-2026,241.1,243.94,239,242.42,"60,211",0.85
21-Jan-2026,242.42,242.42,238.5,239.93,"9,303",-2.49
22-Jan-2026,240.11,241.8,239,240.04,"21,732",0.11
23-Jan-2026,239.06,241.59,239,239.1,"9,730",-0.94
26-Jan-2026,239.11,240.5,237.37,239.4,"8,545",0.3
27-Jan-2026,241.16,241.16,238,238.32,"13,240",-1.08
28-Jan-2026,239.99,239.99,236.1,237.23,"7,737",-1.09
29-Jan-2026,237.3,239,235.5,237.88,"23,923",0.65
30-Jan-2026,237.01,237.5,232.23,235.34,"21,988",-2.54
02-Feb-2026,235.34,235.34,230.1,234,"12,453",-1.34
03-Feb-2026,234.99,237,232,234.83,"11,568",0.83
04-Feb-2026,235,236.98,231.01,232.76,"19,747",-2.07
06-Feb-2026,235.78,235.78,231.03,231.74,"11,913",-1.02
09-Feb-2026,231.75,233.12,228.5,229.22,"14,919",-2.52
10-Feb-2026,231.48,231.49,220.01,229.67,"9,457",0.45
11-Feb-2026,231.39,239,229.99,237.25,"60,776",7.58
12-Feb-2026,238.99,244,235.1,240.75,"80,028",3.5
13-Feb-2026,242.49,242.49,238,240.09,"24,466",-0.66
16-Feb-2026,240.09,241.5,235,235.6,"13,220",-4.49
17-Feb-2026,236.5,239.79,234.6,235.12,"13,217",-0.48
18-Feb-2026,235.5,238.99,232,235.86,"6,519",0.74
19-Feb-2026,233.02,239.8,230.01,230.17,"3,468",-5.69
20-Feb-2026,235,235,226,230.74,"2,345",0.57
23-Feb-2026,230.01,230.5,223,223.37,"4,174",-7.37
24-Feb-2026,227.95,227.99,202.1,216.35,"17,594",-7.02
25-Feb-2026,217,224.99,212,214.57,"6,393",-1.78
26-Feb-2026,214.58,219,200,208.93,"9,488",-5.64
27-Feb-2026,212,217.99,212,213.94,"4,430",5.01
02-Mar-2026,192.55,213.99,192.55,192.62,"13,497",-21.32
03-Mar-2026,192.62,195,180.2,191.77,"10,469",-0.85
04-Mar-2026,187,195,187,191.44,"2,539",-0.33
05-Mar-2026,188.1,204.99,188.1,194.84,"6,017",3.4
06-Mar-2026,192.5,194.95,187,187.8,"5,216",-7.04
09-Mar-2026,185,185,169.02,173.74,"11,687",-14.06
10-Mar-2026,177.32,188.99,177.32,186.03,"6,717",12.29
11-Mar-2026,186.04,190.98,171.01,185.77,"7,508",-0.26
12-Mar-2026,185.77,190,185.75,186.49,"2,983",0.72
13-Mar-2026,189.48,189.49,186.03,187.64,"1,513",1.15
16-Mar-2026,189,189,181,186.04,"2,527",-1.6
17-Mar-2026,186.04,187.99,180,182.16,"2,621",-3.88
18-Mar-2026,184.99,189,170.1,186.4,"14,085",4.24
19-Mar-2026,186.4,191.49,185.01,189.89,"12,084",3.49
24-Mar-2026,190.99,192.94,190,191.47,"6,629",1.58
25-Mar-2026,192.99,197.49,191.41,195.86,"11,080",4.39
26-Mar-2026,192.61,197.49,192,193.27,"5,897",-2.59
27-Mar-2026,196.84,196.84,192.04,193.17,"3,271",-0.1
30-Mar-2026,192.02,195,183,186.11,"13,595",-7.06
31-Mar-2026,187,187,180,184.8,"6,916",-1.31
01-Apr-2026,191.51,196.49,189,190.23,"10,922",5.43
02-Apr-2026,194.9,194.9,183.06,191.84,"5,434",1.61
03-Apr-2026,184.01,193.95,184.01,188.25,"2,732",-3.59
06-Apr-2026,184.1,195.08,183.85,187.06,"9,717",-1.19
07-Apr-2026,189.99,189.99,186.01,188.22,"2,968",1.16
08-Apr-2026,196.11,207,195,206.82,"32,549",18.6
09-Apr-2026,207,207,200.25,200.71,"10,500",-6.11
10-Apr-2026,205.98,210,201.02,208.02,"43,441",7.31
13-Apr-2026,203.2,205,198.5,198.9,"7,986",-9.12
14-Apr-2026,202,205.99,202,202.62,"6,556",3.72
15-Apr-2026,202.7,219.49,202.7,209.55,"25,406",6.93
16-Apr-2026,213.99,218,212.01,215.06,"26,881",5.51
17-Apr-2026,217.89,236.57,215,235.38,"137,363",20.32
20-Apr-2026,234.85,257.5,230.01,254.42,"221,007",19.04
21-Apr-2026,260,265,249.1,250.56,"163,977",-3.86
22-Apr-2026,248.01,248.01,240.5,241.01,"30,505",-9.55
23-Apr-2026,240.01,240.01,229.51,231.1,"24,460",-9.91
24-Apr-2026,229.52,233,224,230.11,"19,194",-0.99
27-Apr-2026,228,238,227.99,233.91,"16,936",3.8
28-Apr-2026,233.91,237.5,232.01,232.82,"7,832",-1.09
29-Apr-2026,232.02,245.99,225,227.93,"146,628",-4.89
30-Apr-2026,224.51,228.5,212.06,221.29,"24,402",-6.64